"Symbol","Description","Category2","Category3","GICS Sector","Market cap","Dividend yield","Price to TTM earnings","Price to TTM sales","Price to book value","Action"
"AAPL","Apple Inc","Common stocks","Large cap","Information Technology","$2,780,722,218,560","0.52%","27.46","7.20","41.52","Analyze"
"MSFT","Microsoft Corp","Common stocks","Large cap","Information Technology","$2,182,999,529,853","0.83%","29.87","11.34","13.28","Analyze"
"AMZN","Amazon.Com Inc.","Common stocks","Large cap","Consumer Discretionary","$1,474,954,186,550","0.00%","67.70","3.09","10.82","Analyze"
"TSLA","Tesla Inc","Common stocks","Large cap","Consumer Discretionary","$960,607,021,895","0.00%","112.99","15.45","27.84","Analyze"
"BRK.B","Berkshire Hathaway Inc. Class B","Common stocks","Large cap","Financials","$675,735,341,361","0.00%","4.37","1.90","0.71","Analyze"
"META","Meta Platforms, Inc.","Common stocks","Large cap","Communication Services","$512,207,402,972","0.00%","0.00","0.00","0.00","Analyze"
"UNH","Unitedhealth Group Inc","Common stocks","Large cap","Health Care","$510,831,205,585","1.09%","29.39","1.73","7.05","Analyze"
"V","Visa Inc Class A","Common stocks","Large cap","Information Technology","$478,576,560,000","0.69%","25.39","17.77","9.67","Analyze"
"NVDA","Nvidia Corp","Common stocks","Large cap","Information Technology","$471,975,000,000","0.08%","48.12","17.54","17.64","Analyze"
"JNJ","Johnson & Johnson","Common stocks","Large cap","Health Care","$440,571,675,005","2.55%","22.45","4.64","5.96","Analyze"
"WMT","Walmart Stores Inc","Common stocks","Large cap","Consumer Staples","$382,034,082,469","1.59%","28.90","0.66","4.88","Analyze"
"XOM","Exxon Mobil Corp","Common stocks","Large cap","Energy","$381,172,015,541","3.79%","15.20","1.24","2.32","Analyze"
"JPM","JP Morgan Chase & Co","Common stocks","Large cap","Financials","$362,553,924,576","3.22%","8.59","3.02","1.22","Analyze"
"PG","Procter & Gamble","Common stocks","Large cap","Consumer Staples","$358,265,813,678","2.36%","24.51","4.50","7.87","Analyze"
"MA","Mastercard Inc Class A","Common stocks","Large cap","Information Technology","$344,404,313,483","0.53%","35.79","17.31","48.29","Analyze"
"HD","Home Depot Inc","Common stocks","Large cap","Consumer Discretionary","$336,466,414,221","2.15%","19.99","2.21","-193.23","Analyze"
"CVX","Chevron Corp","Common stocks","Large cap","Energy","$307,316,472,653","3.53%","15.11","1.74","2.12","Analyze"
"LLY","Eli Lilly","Common stocks","Large cap","Health Care","$294,848,747,463","1.22%","50.04","10.06","32.87","Analyze"
"BAC","Bank of America Corp","Common stocks","Large cap","Financials","$294,411,157,876","2.27%","9.63","3.29","1.07","Analyze"
"KO","Coca-Cola","Common stocks","Large cap","Consumer Staples","$281,230,635,185","2.62%","27.34","7.01","11.34","Analyze"
"PFE","Pfizer Inc","Common stocks","Large cap","Health Care","$279,831,861,197","3.15%","11.05","3.03","3.35","Analyze"
"ABBV","Abbvie Inc","Common stocks","Large cap","Health Care","$252,042,155,362","3.83%","20.10","4.44","15.40","Analyze"
"PEP","Pepsico Inc","Common stocks","Large cap","Consumer Staples","$248,824,727,097","2.40%","24.49","3.08","13.68","Analyze"
"COST","Costco Wholesale Corp","Common stocks","Large cap","Consumer Staples","$244,967,370,056","0.61%","45.07","1.17","12.80","Analyze"
"TMO","Thermo Fisher Scientific Inc","Common stocks","Large cap","Health Care","$235,900,051,910","0.19%","30.33","5.74","5.63","Analyze"
"MRK","Merck & Co Inc","Common stocks","Large cap","Health Care","$229,489,821,159","2.96%","16.45","4.25","5.71","Analyze"
"DIS","Walt Disney","Common stocks","Large cap","Communication Services","$227,809,299,814","0.00%","82.62","2.97","2.42","Analyze"
"AVGO","Broadcom Inc.","Common stocks","Large cap","Information Technology","$222,766,034,205","3.51%","29.94","7.82","9.81","Analyze"
"DHR","Danaher Corp","Common stocks","Large cap","Health Care","$218,582,780,270","0.31%","33.81","7.22","4.59","Analyze"
"ACN","Accenture Plc Class A","Common stocks","Large cap","Information Technology","$213,058,319,666","1.20%","32.76","3.76","10.19","Analyze"
"ORCL","Oracle Corp","Common stocks","Large cap","Information Technology","$211,914,915,520","1.60%","27.72","5.07","-24.11","Analyze"
"ADBE","Adobe Inc","Common stocks","Large cap","Information Technology","$209,458,080,000","0.00%","42.57","12.98","14.92","Analyze"
"ABT","Abbott Laboratories","Common stocks","Large cap","Health Care","$196,189,147,808","1.65%","24.95","4.41","5.44","Analyze"
"MCD","Mcdonalds Corp","Common stocks","Large cap","Consumer Discretionary","$195,914,152,095","2.02%","27.57","8.24","-32.73","Analyze"
"CSCO","Cisco Systems Inc","Common stocks","Large cap","Information Technology","$193,672,888,010","3.19%","17.03","3.75","5.06","Analyze"
"VZ","Verizon Communications Inc","Common stocks","Large cap","Communication Services","$192,346,932,161","6.84%","8.72","1.43","2.23","Analyze"
"CRM","Salesforce.Com Inc","Common stocks","Large cap","Information Technology","$188,642,050,000","0.00%","126.63","7.12","3.15","Analyze"
"NKE","Nike Inc Class B","Common stocks","Large cap","Consumer Discretionary","$185,334,131,689","1.00%","23.38","3.96","9.66","Analyze"
"TMUS","T Mobile US Inc","Common stocks","Large cap","Communication Services","$183,880,066,435","0.00%","65.68","2.28","2.63","Analyze"
"UPS","United Parcel Service Inc Class B","Common stocks","Large cap","Industrials","$178,368,940,000","3.16%","14.18","1.81","9.89","Analyze"
"CMCSA","Comcast A Corp","Common stocks","Large cap","Communication Services","$177,737,125,033","2.57%","11.82","1.48","1.80","Analyze"
"NEE","Nextera Energy Inc","Common stocks","Large cap","Utilities","$177,354,602,755","1.78%","121.06","10.93","4.91","Analyze"
"WFC","Wells Fargo","Common stocks","Large cap","Financials","$174,707,860,385","2.15%","8.92","2.25","0.96","Analyze"
"QCOM","Qualcomm Inc","Common stocks","Large cap","Information Technology","$168,483,690,000","1.85%","15.23","4.29","12.76","Analyze"
"TXN","Texas Instrument Inc","Common stocks","Large cap","Information Technology","$167,537,382,446","2.48%","19.86","8.84","11.63","Analyze"
"AMD","Advanced Micro Devices Inc","Common stocks","Large cap","Information Technology","$161,754,954,180","0.00%","47.79","8.57","2.93","Analyze"
"BMY","Bristol Myers Squibb","Common stocks","Large cap","Health Care","$158,286,464,863","2.82%","25.73","3.37","5.09","Analyze"
"PM","Philip Morris International Inc","Common stocks","Large cap","Consumer Staples","$157,682,613,724","4.82%","17.24","5.00","-15.37","Analyze"
"MS","Morgan Stanley","Common stocks","Large cap","Financials","$157,638,991,509","3.09%","10.94","2.84","1.50","Analyze"
"LIN","Linde Plc","Common stocks","Large cap","Materials","$155,634,589,477","1.42%","37.66","4.90","3.52","Analyze"
"UNP","Union Pacific Corp","Common stocks","Large cap","Industrials","$150,717,908,662","1.94%","21.87","6.65","12.52","Analyze"
"INTC","Intel Corporation Corp","Common stocks","Large cap","Information Technology","$148,596,140,000","3.93%","6.04","1.91","1.44","Analyze"
"SCHW","Charles Schwab Corporation","Common stocks","Large cap","Financials","$145,027,389,460","1.03%","25.57","7.85","2.79","Analyze"
"RTX","Raytheon Technologies Corporation","Common stocks","Large cap","Industrials","$140,342,660,072","2.17%","32.87","2.16","1.90","Analyze"
"CVS","CVS Health Corp","Common stocks","Large cap","Health Care","$139,724,369,929","2.00%","17.08","0.47","1.85","Analyze"
"HON","Honeywell International Inc","Common stocks","Large cap","Industrials","$137,210,914,203","1.91%","26.15","4.00","7.47","Analyze"
"LOW","Lowes Companies Inc","Common stocks","Large cap","Consumer Discretionary","$136,850,265,080","1.60%","16.04","1.43","-19.64","Analyze"
"AMGN","Amgen Inc","Common stocks","Large cap","Health Care","$135,417,744,678","2.21%","23.34","5.15","145.82","Analyze"
"INTU","Intuit Inc","Common stocks","Large cap","Information Technology","$133,783,284,195","0.56%","62.05","11.72","8.64","Analyze"
"T","AT&T Inc.","Common stocks","Large cap","Communication Services","$132,329,820,000","7.06%","7.66","0.81","0.70","Analyze"
"SPGI","S&P Global Inc","Common stocks","Large cap","Financials","$129,654,795,000","0.81%","36.16","14.95","3.19","Analyze"
"AMT","American Tower Corporation","REITs","Large cap","Real Estate","$129,642,674,533","1.97%","48.50","13.15","23.82","Analyze"
"COP","ConocoPhillips","Common stocks","Large cap","Energy","$129,474,299,655","3.00%","10.58","2.41","2.76","Analyze"
"MDT","Medtronic Plc","Common stocks","Large cap","Health Care","$127,862,099,055","2.67%","25.94","4.02","2.43","Analyze"
"AXP","American Express","Common stocks","Large cap","Financials","$123,970,796,911","1.14%","15.57","2.76","5.43","Analyze"
"IBM","International Business Machines Co","Common stocks","Large cap","Information Technology","$123,338,309,006","4.73%","22.64","2.29","6.56","Analyze"
"GS","Goldman Sachs Group Inc","Common stocks","Large cap","Financials","$121,171,114,472","2.24%","6.53","2.27","1.04","Analyze"
"ELV","Elevance Health, Inc.","Common stocks","Large cap","Health Care","$118,147,541,642","0.98%","0.00","0.00","0.00","Analyze"
"PYPL","Paypal Holdings Inc","Common stocks","Large cap","Information Technology","$118,053,057,218","0.00%","32.25","4.57","5.61","Analyze"
"LMT","Lockheed Martin Corp","Common stocks","Large cap","Industrials","$116,709,399,835","2.49%","18.79","1.78","11.67","Analyze"
"BLK","Blackrock Inc","Common stocks","Large cap","Financials","$114,142,489,235","2.36%","17.53","5.80","2.87","Analyze"
"DE","Deere & Company","Common stocks","Large cap","Industrials","$113,079,085,927","1.15%","20.02","2.57","5.98","Analyze"
"NFLX","Netflix Inc","Common stocks","Large cap","Communication Services","$108,544,615,516","0.00%","21.63","3.57","6.17","Analyze"
"ADP","Automatic Data Processing Inc","Common stocks","Large cap","Information Technology","$108,051,036,519","1.55%","37.89","6.85","25.86","Analyze"
"C","Citigroup Inc","Common stocks","Large cap","Financials","$104,930,927,374","3.71%","5.93","1.47","0.52","Analyze"
"CAT","Caterpillar Inc","Common stocks","Large cap","Industrials","$104,272,613,925","2.27%","15.90","1.98","6.05","Analyze"
"SBUX","Starbucks Corp","Common stocks","Large cap","Consumer Discretionary","$102,577,560,000","2.17%","23.05","3.27","-11.59","Analyze"
"BA","Boeing","Common stocks","Large cap","Industrials","$102,183,025,962","0.00%","-19.81","1.67","-6.28","Analyze"
"PLD","Prologis, Inc","REITs","Large cap","Real Estate","$101,513,227,580","2.05%","26.71","21.02","2.91","Analyze"
"NOW","Servicenow Inc","Common stocks","Large cap","Information Technology","$100,341,480,000","0.00%","430.73","16.04","24.07","Analyze"
"EL","Estee Lauder Inc Class A","Common stocks","Large cap","Consumer Staples","$99,843,310,979","0.84%","18.88","5.51","10.30","Analyze"
"AMAT","Applied Material Inc","Common stocks","Large cap","Information Technology","$94,380,580,082","1.12%","13.94","3.80","8.13","Analyze"
"ADI","Analog Devices Inc","Common stocks","Large cap","Information Technology","$93,066,071,253","1.61%","53.85","9.54","2.38","Analyze"
"MDLZ","Mondelez International Inc","Common stocks","Large cap","Consumer Staples","$90,402,540,813","2.10%","21.42","3.09","3.19","Analyze"
"GE","General Electric","Common stocks","Large cap","Industrials","$88,897,559,979","0.39%","-17.12","1.20","2.19","Analyze"
"CI","Cigna Corp","Common stocks","Large cap","Health Care","$88,669,819,463","1.45%","16.59","0.50","1.94","Analyze"
"MMC","Marsh & McLennan Inc","Common stocks","Large cap","Financials","$86,795,940,291","1.26%","26.68","4.28","7.88","Analyze"
"DUK","Duke Energy Corp","Common stocks","Large cap","Utilities","$86,313,543,037","3.48%","23.63","3.31","1.76","Analyze"
"MMM","3M","Common stocks","Large cap","Industrials","$85,588,686,221","3.95%","14.78","2.42","5.54","Analyze"
"BKNG","Booking Holdings Inc","Common stocks","Large cap","Consumer Discretionary","$85,421,639,572","0.00%","163.77","6.83","19.47","Analyze"
"SYK","Stryker Corp","Common stocks","Large cap","Health Care","$84,767,018,573","1.21%","40.94","4.86","5.48","Analyze"
"SO","Southern Co","Common stocks","Large cap","Utilities","$84,051,514,372","3.34%","37.21","3.52","2.61","Analyze"
"TGT","Target Corp","Common stocks","Large cap","Consumer Discretionary","$83,553,456,658","2.08%","13.22","0.78","7.19","Analyze"
"ISRG","Intuitive Surgical Inc","Common stocks","Large cap","Health Care","$83,460,456,682","0.00%","40.23","14.13","6.77","Analyze"
"GILD","Gilead Sciences Inc","Common stocks","Large cap","Health Care","$83,135,859,244","4.26%","18.09","3.03","4.10","Analyze"
"CB","Chubb Ltd","Common stocks","Large cap","Financials","$83,131,521,466","1.61%","10.20","2.04","1.48","Analyze"
"GOOG","Alphabet Inc Class C","Common stocks","Large cap","Communication Services","$82,715,200,190","0.00%","10.16","0.31","2.98","Analyze"
"GOOGL","Alphabet Inc Class A","Common stocks","Large cap","Communication Services","$82,715,200,190","0.00%","9.70","0.31","2.85","Analyze"
"MO","Altria Group Inc","Common stocks","Large cap","Consumer Staples","$82,369,661,538","7.66%","27.23","3.91","-46.52","Analyze"
"ZTS","Zoetis Inc","Common stocks","Large cap","Health Care","$80,421,524,597","0.71%","38.28","10.19","17.04","Analyze"
"CCI","Crown Castle International Corp.","REITs","Large cap","Real Estate","$78,947,388,220","3.11%","53.47","11.97","9.71","Analyze"
"TJX","TJX Companies, Inc.","Common stocks","Large cap","Consumer Discretionary","$78,089,534,934","1.65%","25.22","1.49","12.96","Analyze"
"VRTX","Vertex Pharmaceuticals Inc","Common stocks","Large cap","Health Care","$77,707,223,046","0.00%","30.79","9.78","6.92","Analyze"
"CHTR","Charter Communications Inc Class A","Common stocks","Large cap","Communication Services","$77,568,931,011","0.00%","14.57","1.48","6.10","Analyze"
"BDX","Becton Dickinson","Common stocks","Large cap","Health Care","$76,369,547,091","1.26%","41.23","3.81","3.08","Analyze"
"NOC","Northrop Grumman Corp","Common stocks","Large cap","Industrials","$75,112,335,665","1.32%","13.17","2.13","5.71","Analyze"
"CME","CME Group Inc Class A","Common stocks","Large cap","Financials","$73,849,165,202","1.84%","27.16","15.44","2.69","Analyze"
"CSX","CSX Corp","Common stocks","Large cap","Industrials","$73,744,344,724","1.12%","18.70","5.62","5.58","Analyze"
"USB","US Bancorp","Common stocks","Large cap","Financials","$73,249,152,580","3.68%","10.47","3.21","1.41","Analyze"
"WM","Waste Management Inc","Common stocks","Large cap","Industrials","$72,255,216,339","1.39%","37.76","3.91","10.09","Analyze"
"PNC","PNC Financial Services Group, Inc.","Common stocks","Large cap","Financials","$71,788,105,660","3.11%","13.94","3.65","1.42","Analyze"
"PGR","Progressive Corp","Common stocks","Large cap","Financials","$71,646,263,460","1.55%","34.55","1.49","4.37","Analyze"
"D","Dominion Energy Inc","Common stocks","Large cap","Utilities","$71,137,364,004","3.00%","23.98","4.95","2.45","Analyze"
"FISV","Fiserv Inc","Common stocks","Large cap","Information Technology","$70,814,779,011","0.00%","41.62","4.26","2.26","Analyze"
"LRCX","Lam Research Corp","Common stocks","Large cap","Information Technology","$70,794,601,180","1.17%","15.37","4.23","11.58","Analyze"
"MU","Micron Technology Inc","Common stocks","Large cap","Information Technology","$70,446,846,597","0.65%","7.70","2.26","1.45","Analyze"
"REGN","Regeneron Pharmaceuticals Inc","Common stocks","Large cap","Health Care","$69,534,267,171","0.00%","8.44","4.21","3.36","Analyze"
"TFC","Truist Financial Corporation","Common stocks","Large cap","Financials","$68,985,722,138","3.71%","11.14","3.12","1.03","Analyze"
"CL","Colgate-Palmolive","Common stocks","Large cap","Consumer Staples","$68,547,995,735","2.22%","33.98","3.92","216.38","Analyze"
"ITW","Illinois Tool Inc","Common stocks","Large cap","Industrials","$67,206,488,156","2.23%","24.64","4.53","18.48","Analyze"
"MRNA","Moderna, Inc.","Common stocks","Large cap","Health Care","$66,807,688,475","0.00%","4.08","2.96","3.49","Analyze"
"SHW","Sherwin Williams","Common stocks","Large cap","Materials","$66,420,840,992","0.90%","34.72","3.27","28.37","Analyze"
"GD","General Dynamics Corp","Common stocks","Large cap","Industrials","$66,224,977,206","2.01%","20.21","1.72","3.68","Analyze"
"EOG","EOG Resources Inc","Common stocks","Large cap","Energy","$65,877,264,718","2.31%","15.90","2.94","3.23","Analyze"
"NSC","Norfolk Southern Corp","Common stocks","Large cap","Industrials","$65,429,073,789","1.85%","19.79","5.73","4.46","Analyze"
"F","Ford Motor Company","Common stocks","Large cap","Consumer Discretionary","$64,888,402,812","2.71%","5.42","0.48","1.39","Analyze"
"EQIX","Equinix, Inc.","REITs","Large cap","Real Estate","$64,849,174,727","1.70%","130.03","9.57","5.84","Analyze"
"AON","Aon Plc","Common stocks","Large cap","Financials","$63,488,592,657","0.71%","46.34","5.15","53.74","Analyze"
"EW","Edwards Lifesciences Corp","Common stocks","Large cap","Health Care","$63,407,776,995","0.00%","39.71","11.84","10.45","Analyze"
"ATVI","Activision Blizzard Inc","Common stocks","Large cap","Communication Services","$63,304,249,425","0.58%","25.44","7.63","3.53","Analyze"
"FIS","Fidelity National Information Services","Common stocks","Large cap","Information Technology","$62,931,860,332","1.65%","66.88","4.45","1.29","Analyze"
"HUM","Humana Inc","Common stocks","Large cap","Health Care","$62,671,922,324","0.60%","20.84","0.73","4.13","Analyze"
"ICE","Intercontinental Exchange Inc","Common stocks","Large cap","Financials","$62,022,370,469","1.27%","14.97","6.74","2.69","Analyze"
"PSA","Public Storage","REITs","Large cap","Real Estate","$62,000,331,480","2.16%","32.88","17.12","6.36","Analyze"
"FDX","FedEx Corporation","Common stocks","Large cap","Industrials","$61,915,201,336","1.42%","11.73","0.68","2.46","Analyze"
"HCA","HCA Healthcare, Inc.","Common stocks","Large cap","Health Care","$61,098,969,176","0.97%","9.07","1.02","-30.36","Analyze"
"ETN","Eaton Corporation, PLC","Common stocks","Large cap","Industrials","$60,979,730,000","2.07%","27.09","3.08","3.61","Analyze"
"APD","Air Products And Chemicals Inc","Common stocks","Large cap","Materials","$60,670,893,536","2.26%","26.17","5.33","4.19","Analyze"
"BSX","Boston Scientific Corp","Common stocks","Large cap","Health Care","$60,542,340,278","0.00%","79.78","4.98","3.59","Analyze"
"OXY","Occidental Petroleum Corp","Common stocks","Large cap","Energy","$59,520,999,267","0.44%","10.21","2.05","2.68","Analyze"
"MCO","Moodys Corp","Common stocks","Large cap","Financials","$59,121,865,000","0.82%","28.87","9.63","23.83","Analyze"
"SNPS","Synopsys Inc","Common stocks","Large cap","Information Technology","$58,996,035,932","0.00%","56.62","12.40","10.26","Analyze"
"DG","Dollar General Corp","Common stocks","Large cap","Consumer Discretionary","$58,288,294,282","0.75%","24.02","1.71","9.20","Analyze"
"GM","General Motors","Common stocks","Large cap","Consumer Discretionary","$56,849,328,872","0.00%","6.54","0.44","0.93","Analyze"
"KDP","Keurig Dr Pepper Inc.","Common stocks","Large cap","Consumer Staples","$56,756,095,700","1.86%","23.56","4.41","2.22","Analyze"
"PXD","Pioneer Natural Resource","Common stocks","Large cap","Energy","$55,437,642,643","1.10%","13.96","2.65","2.47","Analyze"
"CNC","Centene Corp","Common stocks","Large cap","Health Care","$55,060,382,606","0.00%","11.10","0.41","2.04","Analyze"
"MET","Metlife Inc","Common stocks","Large cap","Financials","$55,021,512,953","2.86%","8.22","0.83","1.02","Analyze"
"KLAC","KLA-Tencor Corporation","Common stocks","Large cap","Information Technology","$53,988,951,636","1.16%","17.20","6.24","13.28","Analyze"
"MAR","Marriott International Inc","Common stocks","Large cap","Consumer Discretionary","$53,953,417,754","0.18%","36.02","3.43","30.23","Analyze"
"MCK","Mckesson Corp","Common stocks","Large cap","Health Care","$53,732,193,297","0.50%","47.87","0.20","-23.47","Analyze"
"AEP","American Electric Power Inc","Common stocks","Large cap","Utilities","$53,664,651,969","2.95%","20.40","3.14","973.11","Analyze"
"EMR","Emerson Electric","Common stocks","Large cap","Industrials","$53,187,435,000","2.27%","18.29","2.81","4.96","Analyze"
"SRE","Sempra Energy","Common stocks","Large cap","Utilities","$53,134,161,456","3.26%","53.88","3.96","9.25","Analyze"
"CDNS","Cadence Design Systems Inc","Common stocks","Large cap","Information technology","$52,755,578,100","0.00%","70.20","16.73","18.92","Analyze"
"ADSK","Autodesk Inc","Common stocks","Large cap","Information Technology","$50,763,477,976","0.00%","100.05","11.57","58.56","Analyze"
"ECL","Ecolab Inc","Common stocks","Large cap","Materials","$50,448,789,600","1.13%","44.18","3.85","6.91","Analyze"
"SLB","Schlumberger Nv","Common stocks","Large cap","Energy","$50,323,934,433","1.54%","25.10","2.13","3.42","Analyze"
"PAYX","Paychex Inc","Common stocks","Large cap","Information Technology","$49,778,721,679","2.08%","36.84","11.07","15.24","Analyze"
"NXPI","NXP Semiconductors Nv","Common stocks","Large cap","Information Technology","$48,803,925,835","1.51%","31.62","4.20","7.37","Analyze"
"MNST","Monster Beverage Corp","Common stocks","Large cap","Consumer Staples","$48,620,993,479","0.00%","35.45","8.36","7.00","Analyze"
"ADM","Archer-Daniels-Midland Company","Common stocks","Large cap","Consumer Staples","$48,533,420,644","1.80%","15.91","0.54","2.06","Analyze"
"MPC","Marathon Petroleum Corp","Common stocks","Large cap","Energy","$48,192,014,916","2.38%","4.63","0.36","2.09","Analyze"
"HSY","Hershey Foods","Common stocks","Large cap","Consumer Staples","$48,022,522,240","1.56%","21.20","5.14","11.75","Analyze"
"CMG","Chipotle Mexican Grill Inc","Common stocks","Large cap","Consumer Discretionary","$47,607,484,918","0.00%","67.86","6.08","21.76","Analyze"
"KHC","Kraft Heinz","Common stocks","Large cap","Consumer Staples","$47,583,825,376","4.06%","38.27","1.85","0.94","Analyze"
"APH","Amphenol Corp","Common stocks","Large cap","Information Technology","$47,330,475,657","0.93%","27.93","4.13","7.33","Analyze"
"ORLY","Oreilly Automotive Inc","Common stocks","Large cap","Consumer Discretionary","$47,019,531,199","0.00%","21.75","3.47","-142.10","Analyze"
"STZ","Constellation Brands Class A","Common stocks","Large cap","Consumer Staples","$46,689,495,897","1.25%","92.85","5.29","3.42","Analyze"
"RSG","Republic Services Inc","Common stocks","Large cap","Industrials","$46,480,108,420","1.24%","34.36","3.98","5.15","Analyze"
"KMB","Kimberly Clark Corp","Common stocks","Large cap","Consumer Staples","$46,385,926,148","3.30%","26.38","2.34","65.58","Analyze"
"ROP","Roper Technologies Inc","Common stocks","Large cap","Information Technology","$46,255,187,094","0.55%","15.93","7.60","3.39","Analyze"
"GIS","General Mills Inc","Common stocks","Large cap","Consumer Staples","$46,131,804,006","2.64%","20.18","2.48","4.61","Analyze"
"LHX","L3Harris Technologies, Inc.","Common stocks","Large cap","Industrials","$45,796,551,065","1.78%","24.62","2.64","2.37","Analyze"
"EXC","Exelon Corp","Common stocks","Large cap","Utilities","$45,778,258,037","2.72%","17.52","1.44","1.93","Analyze"
"IQV","IQVIA Holdings, Inc.","Common stocks","Large cap","Health Care","$45,640,355,550","0.00%","41.32","3.25","7.53","Analyze"
"AZO","Autozone Inc","Common stocks","Large cap","Consumer Discretionary","$45,396,751,622","0.00%","18.87","2.91","-14.49","Analyze"
"CTVA","Corteva, Inc.","Common stocks","Large cap","Materials","$44,941,770,000","0.91%","25.76","2.80","1.73","Analyze"
"FCX","Freeport-McMoRan, Inc.","Common stocks","Large cap","Materials","$44,864,795,156","0.95%","8.51","1.82","2.93","Analyze"
"VLO","Valero Energy Corp","Common stocks","Large cap","Energy","$44,640,779,452","3.41%","18.41","0.34","2.48","Analyze"
"O","Realty Income Corporation","REITs","Large cap","Real Estate","$44,337,795,152","3.91%","94.76","18.13","1.72","Analyze"
"COF","Capital One Financial Corp","Common stocks","Large cap","Financials","$44,315,594,067","2.06%","3.90","1.41","0.76","Analyze"
"CTAS","Cintas Corp","Common stocks","Large cap","Industrials","$44,301,155,932","0.91%","36.91","5.82","13.53","Analyze"
"SYY","Sysco Corp","Common stocks","Large cap","Consumer Staples","$43,967,762,921","2.18%","44.17","0.67","33.42","Analyze"
"TEL","TE Connectivity Ltd","Common stocks","Large cap","Information Technology","$43,961,866,152","1.50%","17.25","2.84","4.13","Analyze"
"AIG","American International Group Inc","Common stocks","Large cap","Financials","$43,564,240,832","2.21%","4.38","0.82","0.76","Analyze"
"PSX","Phillips 66","Common stocks","Large cap","Energy","$42,986,726,028","3.11%","16.70","0.34","1.95","Analyze"
"MSI","Motorola Solutions Inc","Common stocks","Large cap","Information Technology","$42,926,734,921","1.19%","33.41","5.18","-134.08","Analyze"
"XEL","Xcel Energy Inc","Common stocks","Large cap","Utilities","$42,123,802,323","2.43%","26.08","3.09","2.68","Analyze"
"KMI","Kinder Morgan Inc","Common stocks","Large cap","Energy","$42,018,465,535","5.74%","40.48","2.68","1.38","Analyze"
"WMB","Williams Inc","Common stocks","Large cap","Energy","$41,819,953,787","4.78%","28.99","3.83","3.76","Analyze"
"FTNT","Fortinet Inc","Common stocks","Large cap","Information Technology","$41,744,289,352","0.00%","64.60","11.64","189.32","Analyze"
"DVN","Devon Energy Corp","Common stocks","Large cap","Energy","$41,632,184,000","4.99%","12.51","2.98","4.82","Analyze"
"TRV","Travelers Companies Inc","Common stocks","Large cap","Financials","$41,178,572,409","2.04%","10.44","1.17","1.60","Analyze"
"MCHP","Microchip Technology Inc","Common stocks","Large cap","Information Technology","$40,933,553,785","1.62%","31.24","6.00","6.81","Analyze"
"JCI","Johnson Controls International Plc","Common stocks","Large cap","Industrials","$40,639,807,523","2.20%","31.94","1.65","2.39","Analyze"
"MSCI","MSCI Inc","Common stocks","Large cap","Financials","$40,542,890,643","0.86%","50.85","19.08","-43.81","Analyze"
"AFL","Aflac Inc","Common stocks","Large cap","Financials","$40,436,335,427","1.75%","9.90","1.90","1.36","Analyze"
"DOW","Dow Inc.","Common stocks","Large cap","Materials","$40,296,377,134","4.91%","5.78","0.69","2.11","Analyze"
"AJG","Arthur J Gallagher","Common stocks","Large cap","Financials","$40,102,661,760","1.03%","41.63","4.74","4.46","Analyze"
"ENPH","Enphase Energy Inc","Common stocks","Large cap","Information Technology","$39,680,854,139","0.00%","240.53","26.08","120.32","Analyze"
"A","Agilent Technologies Inc","Common stocks","Large cap","Health Care","$39,659,468,595","0.62%","34.11","6.15","7.98","Analyze"
"ANET","Arista Networks Inc","Common stocks","Large cap","Information Technology","$39,529,074,299","0.00%","42.41","12.52","9.52","Analyze"
"PH","Parker-Hannifin Corp","Common stocks","Large cap","Industrials","$39,295,955,369","1.44%","22.43","2.51","4.24","Analyze"
"PRU","Prudential Financial Inc","Common stocks","Large cap","Financials","$39,126,960,000","4.39%","7.97","0.58","0.87","Analyze"
"TT","Trane Technologies plc","Common stocks","Large cap","Industrials","$38,757,046,135","1.50%","26.19","2.68","6.32","Analyze"
"DLR","Digital Realty Trust, Inc","REITs","Large cap","Real Estate","$38,664,976,984","3.49%","27.30","8.66","2.12","Analyze"
"HLT","Hilton Worldwide Holdings Inc","Common stocks","Large cap","Consumer Discretionary","$38,131,433,097","0.11%","50.90","5.75","-53.24","Analyze"
"DLTR","Dollar Tree Inc","Common stocks","Large cap","Consumer Discretionary","$37,774,816,376","0.00%","26.58","1.44","4.89","Analyze"
"GPN","Global Payments Inc","Common stocks","Large cap","Information Technology","$37,735,727,201","0.73%","36.32","4.34","1.46","Analyze"
"EA","Electronic Arts Inc","Common stocks","Large cap","Communication Services","$37,566,703,861","0.52%","46.68","5.37","4.83","Analyze"
"SBAC","SBA Communications Corporation","REITs","Large cap","Real Estate","$37,544,899,714","0.74%","84.82","15.78","-6.85","Analyze"
"SPG","Simon Property Group, Inc","REITs","Large cap","Real Estate","$37,488,318,631","5.57%","16.32","7.25","11.16","Analyze"
"CARR","Carrier Global Corporation","Common stocks","Large cap","Industrials","$37,357,889,612","1.28%","13.45","1.82","5.03","Analyze"
"NUE","Nucor Corp","Common stocks","Large cap","Materials","$37,343,691,447","1.33%","4.53","0.93","2.38","Analyze"
"BF.B","Brown Forman Inc Class B","Common stocks","Large cap","Consumer Staples","$36,813,462,201","0.95%","26.94","9.82","8.63","Analyze"
"TDG","Transdigm Group Inc","Common stocks","Large cap","Industrials","$36,736,386,588","0.00%","39.45","7.32","-12.09","Analyze"
"WELL","Welltower Inc","REITs","Large cap","Real Estate","$36,617,040,651","0.76%","110.64","7.24","2.02","Analyze"
"NEM","Newmont Corporation","Common stocks","Large cap","Materials","$36,548,986,334","4.72%","32.75","2.95","1.61","Analyze"
"BK","Bank Of New York Mellon Corp","Common stocks","Large cap","Financials","$36,388,888,132","3.05%","10.46","2.33","0.85","Analyze"
"WBA","Walgreen Boots Alliance Inc","Common stocks","Large cap","Consumer Staples","$36,333,349,608","4.47%","5.26","0.27","1.24","Analyze"
"CTSH","Cognizant Technology Solutions","Common stocks","Large cap","Information Technology","$36,213,877,794","1.46%","16.31","1.91","2.99","Analyze"
"HPQ","HP Inc","Common stocks","Large cap","Information Technology","$35,677,767,969","2.71%","5.43","0.55","-15.21","Analyze"
"DXCM","Dexcom Inc","Common stocks","Large cap","Health Care","$35,642,499,443","0.00%","162.32","13.86","15.70","Analyze"
"ED","Consolidated Edison Inc","Common stocks","Large cap","Utilities","$35,465,300,242","3.11%","23.32","2.52","1.75","Analyze"
"KR","Kroger","Common stocks","Large cap","Consumer Staples","$35,119,703,499","1.80%","32.53","0.00","3.75","Analyze"
"ALL","Allstate Corp","Common stocks","Large cap","Financials","$35,065,446,631","2.53%","9.99","0.70","1.52","Analyze"
"ODFL","Old Dominion Freight Line Inc","Common stocks","Large cap","Industrials","$34,657,725,111","0.32%","29.88","6.16","9.68","Analyze"
"RMD","Resmed Inc","Common stocks","Large cap","Health Care","$34,570,938,014","0.71%","43.86","10.05","10.43","Analyze"
"ILMN","Illumina Inc","Common stocks","Large cap","Health Care","$34,535,293,000","0.00%","46.92","7.42","3.01","Analyze"
"MTB","M&T Bank Corp","Common stocks","Large cap","Financials","$34,342,294,105","2.44%","20.06","5.77","1.90","Analyze"
"HES","Hess Corp","Common stocks","Large cap","Energy","$34,330,100,777","1.12%","49.88","4.35","5.72","Analyze"
"PEG","Public Service Enterprise Group Inc","Common stocks","Large cap","Utilities","$34,316,589,099","3.02%","-26.67","3.75","2.55","Analyze"
"OTIS","Otis Worldwide Corporation","Common stocks","Large cap","Industrials","$34,173,234,850","1.24%","26.72","2.39","-6.64","Analyze"
"TWTR","Twitter Inc","Common stocks","Large cap","Communication Services","$33,976,929,149","0.00%","150.37","6.48","5.70","Analyze"
"VICI","VICI Properties Inc","REITs","Large cap","Real Estate","$33,968,305,064","4.01%","33.87","21.89","2.16","Analyze"
"YUM","Yum Brands Inc","Common stocks","Large cap","Consumer Discretionary","$33,871,936,105","1.79%","20.14","5.10","-3.91","Analyze"
"WEC","WEC Energy Group Inc","Common stocks","Large cap","Utilities","$33,754,649,162","2.64%","25.05","3.96","3.01","Analyze"
"WBD","Warner Bros. Discovery, Inc. - Series A","Common stocks","Large cap","Communication Services","$33,233,746,267","0.00%","25.76","2.65","2.68","Analyze"
"PCAR","Paccar Inc","Common stocks","Large cap","Industrials","$32,953,415,781","1.42%","16.43","1.36","2.70","Analyze"
"ALB","Albemarle Corp","Common stocks","Large cap","Materials","$32,890,927,938","0.56%","112.40","9.07","5.43","Analyze"
"CMI","Cummins Inc","Common stocks","Large cap","Industrials","$32,766,615,865","2.50%","16.56","1.35","3.82","Analyze"
"ES","Eversource Energy","Common stocks","Large cap","Utilities","$32,420,165,511","2.65%","24.99","3.09","2.19","Analyze"
"ROST","Ross Stores Inc","Common stocks","Large cap","Consumer Discretionary","$32,417,181,789","1.28%","28.32","1.71","7.93","Analyze"
"PPG","PPG Industries Inc","Common stocks","Large cap","Materials","$32,243,989,412","1.73%","28.74","1.87","4.99","Analyze"
"FAST","Fastenal","Common stocks","Large cap","Industrials","$32,210,746,572","2.14%","32.59","5.11","10.21","Analyze"
"VRSK","Verisk Analytics Inc","Common stocks","Large cap","Industrials","$32,096,741,198","0.59%","31.90","10.53","12.04","Analyze"
"BIIB","Biogen Inc","Common stocks","Large cap","Health Care","$31,872,629,643","0.00%","21.66","2.95","2.79","Analyze"
"IDXX","Idexx Laboratories Inc","Common stocks","Large cap","Health Care","$31,822,896,199","0.00%","42.47","9.72","48.76","Analyze"
"IFF","International Flavors & Fragrances","Common stocks","Large cap","Materials","$31,753,659,437","2.52%","54.71","2.56","1.45","Analyze"
"ABC","AmerisourceBergen Corp","Common stocks","Large cap","Health Care","$31,640,020,325","1.20%","18.25","0.14","57.26","Analyze"
"GLW","Corning Inc","Common stocks","Large cap","Information Technology","$31,597,992,223","2.70%","28.20","2.18","2.47","Analyze"
"DD","DuPont de Nemours, Inc.","Common stocks","Large cap","Materials","$31,396,531,907","2.04%","19.41","1.97","1.16","Analyze"
"CPRT","Copart Inc","Common stocks","Large cap","Industrials","$31,284,841,179","0.00%","28.63","9.29","7.12","Analyze"
"AMP","Ameriprise Finance Inc","Common stocks","Large cap","Financials","$31,266,325,789","1.64%","9.99","2.26","6.15","Analyze"
"BAX","Baxter International Inc","Common stocks","Large cap","Health Care","$31,143,287,048","1.82%","29.18","2.30","3.40","Analyze"
"KEYS","Keysight Technologies Inc","Common stocks","Large cap","Information Technology","$30,704,171,306","0.00%","31.00","5.97","8.39","Analyze"
"AVB","AvalonBay Communities, Inc","REITs","Large cap","Real Estate","$30,656,531,339","2.87%","26.74","13.00","2.74","Analyze"
"ON","ON Semiconductor Corp","Common stocks","Large cap","Information Technology","$30,634,145,703","0.00%","21.89","4.25","6.35","Analyze"
"MTD","Mettler Toledo Inc","Common stocks","Large cap","Health Care","$30,521,213,821","0.00%","37.84","8.01","354.96","Analyze"
"DFS","Discover Financial Services","Common stocks","Large cap","Financials","$30,177,234,837","1.89%","5.83","2.47","2.17","Analyze"
"EQR","Equity Residential","REITs","Large cap","Real Estate","$30,153,400,904","3.03%","21.97","11.97","2.73","Analyze"
"ROK","Rockwell Automation Inc","Common stocks","Large cap","Industrials","$29,948,553,949","1.71%","45.04","4.09","11.03","Analyze"
"AME","Ametek Inc","Common stocks","Large cap","Industrials","$29,916,350,358","0.64%","28.37","5.17","4.27","Analyze"
"TSN","Tyson Foods Inc Class A","Common stocks","Large cap","Consumer Staples","$29,891,924,240","2.21%","5.84","0.58","1.25","Analyze"
"TROW","T Rowe Price Group Inc","Common stocks","Large cap","Financials","$29,822,892,120","3.40%","10.40","3.87","3.28","Analyze"
"LYB","Lyondellbasell Industries NV","Common stocks","Large cap","Materials","$29,815,228,674","4.94%","4.97","0.59","2.29","Analyze"
"GWW","W.W. Grainger Inc","Common stocks","Large cap","Industrials","$29,718,443,407","1.14%","25.37","2.19","14.27","Analyze"
"FRC","First Republic Bank","Common stocks","Large cap","Financials","$29,295,684,720","0.57%","20.59","5.62","1.82","Analyze"
"APTV","Aptiv Plc","Common stocks","Large cap","Consumer Discretionary","$29,279,505,065","0.00%","87.58","1.86","3.35","Analyze"
"LVS","Las Vegas Sands Corp","Common stocks","Large cap","Consumer Discretionary","$29,251,894,781","0.00%","15.57","7.35","6.35","Analyze"
"AWK","American Water Works Inc","Common stocks","Large cap","Utilities","$28,994,942,444","1.57%","22.27","7.47","3.85","Analyze"
"EXR","Extra Space Storage Inc","REITs","Large cap","Real Estate","$28,488,446,539","2.56%","34.22","17.14","8.83","Analyze"
"OKE","Oneok Inc","Common stocks","Large cap","Energy","$28,286,378,969","5.78%","19.01","1.51","4.77","Analyze"
"SIVB","SVB Financial Group","Common stocks","Large cap","Financials","$28,149,764,217","0.00%","15.81","5.01","1.69","Analyze"
"CBRE","CBRE Group Inc","Common stocks","Large cap","Real Estate","$28,035,058,053","0.00%","13.90","0.96","3.22","Analyze"
"ARE","Alexandria Real Estate Equities, Inc","REITs","Large cap","Real Estate","$27,996,415,713","2.65%","66.06","12.45","1.57","Analyze"
"HRL","Hormel Foods Corp","Common stocks","Large cap","Consumer Staples","$27,652,255,331","2.01%","30.11","2.31","3.92","Analyze"
"WY","Weyerhaeuser Company","REITs","Large cap","Real Estate","$27,458,283,350","1.84%","9.94","2.54","2.62","Analyze"
"EIX","Edison International","Common stocks","Large cap","Utilities","$27,390,630,843","3.79%","46.73","1.72","1.73","Analyze"
"STT","State Street Corp","Common stocks","Large cap","Financials","$27,380,289,858","3.03%","9.96","2.41","1.01","Analyze"
"DHI","D R Horton Inc","Common stocks","Large cap","Consumer Discretionary","$27,315,519,693","1.14%","5.13","0.90","1.54","Analyze"
"EBAY","Ebay Inc","Common stocks","Large cap","Consumer Discretionary","$27,193,707,833","1.61%","2.29","2.65","3.78","Analyze"
"CEG","Constellation Energy Corporation","Common stocks","Large cap","Utilities","$26,605,204,001","0.52%","-42.60","1.27","2.40","Analyze"
"EFX","Equifax Inc","Common stocks","Large cap","Industrials","$26,437,223,302","0.72%","33.42","5.21","6.66","Analyze"
"DTE","DTE Energy","Common stocks","Large cap","Utilities","$26,365,583,954","2.53%","29.21","1.63","2.98","Analyze"
"BKR","Baker Hughes Company Class A","Common stocks","Large cap","Energy","$25,943,114,400","0.70%","82.63","1.26","1.61","Analyze"
"K","Kellogg","Common stocks","Large cap","Consumer Staples","$25,814,583,911","3.04%","16.91","1.81","6.87","Analyze"
"FITB","Fifth Third Bancorp","Common stocks","Large cap","Financials","$25,814,450,796","3.15%","10.43","3.66","1.27","Analyze"
"EPAM","Epam Systems Inc","Common stocks","Large cap","Information Technology","$25,671,925,820","0.00%","54.91","6.19","9.95","Analyze"
"HAL","Halliburton","Common stocks","Large cap","Energy","$25,584,899,578","1.17%","17.20","1.59","3.80","Analyze"
"LEN","Lennar Corporation Class A","Common stocks","Large cap","Consumer Discretionary","$25,007,214,455","1.55%","5.44","0.89","1.03","Analyze"
"IT","Gartner Inc","Common stocks","Large cap","Information Technology","$24,977,062,365","0.00%","30.37","5.11","206.17","Analyze"
"DRE","Duke Realty Corporation","REITs","Large cap","Real Estate","$24,935,978,215","1.29%","23.92","22.78","3.92","Analyze"
"MPWR","Monolithic Power Systems Inc","Common stocks","Large cap","Information Technology","$24,864,142,490","0.51%","89.32","18.68","18.60","Analyze"
"ETR","Entergy Corp","Common stocks","Large cap","Utilities","$24,861,747,349","3.26%","23.34","2.11","2.10","Analyze"
"AEE","Ameren Corp","Common stocks","Large cap","Utilities","$24,808,745,492","2.35%","24.93","3.70","2.57","Analyze"
"CDW","CDW Corp","Common stocks","Large cap","Information Technology","$24,800,490,406","1.03%","25.13","1.13","28.31","Analyze"
"WST","West Pharmaceutical Services Inc","Common stocks","Large cap","Health Care","$24,726,844,299","0.22%","34.57","8.58","10.17","Analyze"
"ANSS","Ansys Inc","Common stocks","Large cap","Information Technology","$24,703,121,634","0.00%","53.77","12.55","5.58","Analyze"
"MKC","McCormick & Co  Non-voting","Common stocks","Large cap","Consumer Staples","$24,664,616,310","1.56%","30.72","3.88","5.00","Analyze"
"FTV","Fortive Corp","Common stocks","Large cap","Industrials","$24,422,158,217","0.41%","37.28","4.55","2.51","Analyze"
"ZBH","Zimmer Biomet Holdings Inc","Common stocks","Large cap","Health Care","$24,364,245,914","0.82%","59.16","3.18","1.98","Analyze"
"WTW","Willis Towers Watson Public Limited Company","Common stocks","Large cap","Financials","$24,133,042,237","1.47%","5.61","2.64","2.21","Analyze"
"LH","Laboratory Corporation Of America","Common stocks","Large cap","Health Care","$24,023,205,000","0.28%","11.01","1.51","2.16","Analyze"
"RJF","Raymond James Inc","Common stocks","Large cap","Financials","$23,919,883,974","1.15%","15.62","2.28","2.73","Analyze"
"PAYC","Paycom Software Inc","Common stocks","Large cap","Information Technology","$23,829,859,893","0.00%","101.36","20.96","22.43","Analyze"
"URI","United Rentals Inc","Common stocks","Large cap","Industrials","$23,746,734,198","0.00%","14.30","2.33","3.64","Analyze"
"VMC","Vulcan Materials","Common stocks","Large cap","Materials","$23,708,203,682","0.88%","38.65","3.94","3.55","Analyze"
"LUV","Southwest Airlines","Common stocks","Large cap","Industrials","$23,656,870,919","0.00%","38.49","1.28","2.16","Analyze"
"FE","Firstenergy Corp","Common stocks","Large cap","Utilities","$23,438,634,591","3.75%","19.08","2.06","2.69","Analyze"
"CTRA","Coterra Energy Inc.","Common stocks","Large cap","Energy","$23,215,467,265","1.94%","14.70","4.97","2.06","Analyze"
"MLM","Martin Marietta Materials Inc","Common stocks","Large cap","Materials","$23,173,142,518","0.66%","34.59","4.09","3.54","Analyze"
"LYV","Live Nation Entertainment Inc","Common stocks","Large cap","Communication Services","$22,776,409,350","0.00%","-48.35","2.93","-41.87","Analyze"
"TTWO","Take Two Interactive Software Inc","Common stocks","Large cap","Communication Services","$22,768,282,576","0.00%","52.03","6.50","5.71","Analyze"
"PPL","PPL Corporation","Common stocks","Large cap","Utilities","$22,755,471,210","3.99%","35.83","3.75","1.64","Analyze"
"TSCO","Tractor Supply","Common stocks","Large cap","Consumer Discretionary","$22,725,048,016","1.40%","22.71","1.75","12.73","Analyze"
"DAL","Delta Air Lines Inc","Common stocks","Large cap","Industrials","$22,659,934,422","0.00%","41.32","0.65","7.13","Analyze"
"ALGN","Align Technology Inc","Common stocks","Large cap","Health Care","$22,576,389,792","0.00%","31.16","5.60","6.00","Analyze"
"HIG","Hartford Financial Services Group","Common stocks","Large cap","Financials","$22,519,792,323","2.15%","8.73","1.05","1.40","Analyze"
"GPC","Genuine Parts","Common stocks","Large cap","Consumer Discretionary","$22,508,735,374","2.13%","24.39","1.14","6.29","Analyze"
"VRSN","Verisign Inc","Common stocks","Large cap","Information Technology","$21,885,781,980","0.00%","27.97","16.20","-17.24","Analyze"
"FANG","Diamondback Energy Inc","Common stocks","Large cap","Energy","$21,782,462,851","2.00%","8.23","2.72","1.77","Analyze"
"MAA","Mid-America Apartment Communities, Inc","REITs","Large cap","Real Estate","$21,767,146,162","2.34%","35.77","11.90","3.59","Analyze"
"IR","Ingersoll Rand Plc","Common stocks","Large cap","Industrials","$21,759,681,592","0.15%","17.16","4.06","2.32","Analyze"
"RF","Regions Financial Corp","Common stocks","Large cap","Financials","$21,649,962,850","2.90%","9.14","3.72","1.24","Analyze"
"NTRS","Northern Trust Corporation","Common stocks","Large cap","Financials","$21,626,353,461","2.67%","14.19","3.39","1.88","Analyze"
"CHD","Church And Dwight Inc","Common stocks","Large cap","Consumer Staples","$21,463,471,580","1.17%","26.56","4.09","6.33","Analyze"
"STE","STERIS PLC","Common stocks","Large cap","Health Care","$21,250,110,348","0.81%","86.07","4.63","3.21","Analyze"
"ULTA","Ulta Beauty Inc","Common stocks","Large cap","Consumer Discretionary","$21,103,427,595","0.00%","21.51","2.45","13.81","Analyze"
"HBAN","Huntington Bancshares Inc","Common stocks","Large cap","Financials","$20,868,552,158","4.18%","19.07","3.33","1.12","Analyze"
"BR","Broadridge Financial Solutions Inc","Common stocks","Large cap","Information Technology","$20,800,059,440","1.43%","37.45","3.77","11.34","Analyze"
"CNP","Centerpoint Energy Inc","Common stocks","Large cap","Utilities","$20,666,580,568","2.04%","13.05","2.41","2.07","Analyze"
"CF","CF Industries Holdings Inc","Common stocks","Large cap","Materials","$20,569,665,028","1.35%","12.51","2.46","5.15","Analyze"
"CMS","CMS Energy Corp","Common stocks","Large cap","Utilities","$20,389,142,505","2.56%","20.61","2.65","2.10","Analyze"
"PWR","Quanta Services Inc","Common stocks","Large cap","Industrials","$20,370,759,766","0.19%","42.24","1.43","3.95","Analyze"
"DOV","Dover Corp","Common stocks","Large cap","Industrials","$20,287,824,265","1.41%","17.71","2.51","4.57","Analyze"
"VTR","Ventas, Inc","REITs","Large cap","Real Estate","$20,229,462,935","3.51%","134.88","5.14","1.83","Analyze"
"JBHT","JB Hunt Transport Services Inc","Common stocks","Large cap","Industrials","$20,207,228,285","0.77%","23.22","1.55","6.12","Analyze"
"AMCR","Amcor plc","Common stocks","Large cap","Materials","$19,971,769,483","3.56%","19.70","1.42","4.15","Analyze"
"CFG","Citizens Financial Group Inc","Common stocks","Large cap","Financials","$19,870,343,946","3.91%","9.59","3.00","0.88","Analyze"
"PKI","Perkinelmer Inc","Common stocks","Large cap","Health Care","$19,728,802,447","0.18%","25.10","3.93","2.55","Analyze"
"WAT","Waters Corp","Common stocks","Large cap","Health Care","$19,711,152,535","0.00%","27.87","6.87","52.38","Analyze"
"MOS","Mosaic","Common stocks","Large cap","Materials","$19,688,816,240","0.76%","7.29","1.41","1.66","Analyze"
"PFG","Principal Financial Group Inc","Common stocks","Large cap","Financials","$19,684,764,718","3.18%","12.59","1.39","1.66","Analyze"
"CTLT","Catalent Inc","Common stocks","Large cap","Health Care","$19,573,669,745","0.00%","38.89","4.16","4.07","Analyze"
"ESS","Essex Property Trust, Inc","REITs","Large cap","Real Estate","$19,437,666,237","2.84%","48.01","13.25","3.17","Analyze"
"MOH","Molina Healthcare Inc","Common stocks","Large cap","Health Care","$19,430,383,000","0.00%","27.97","0.67","6.90","Analyze"
"HPE","Hewlett Packard Enterprise","Common stocks","Large cap","Information Technology","$19,424,990,302","3.96%","5.19","0.70","0.95","Analyze"
"BALL","Ball Corporation","Common stocks","Large cap","Materials","$19,389,626,467","1.29%","17.31","1.35","4.99","Analyze"
"FOX","Fox Corporation Class B","Common stocks","Large cap","Communication Services","$19,373,119,015","1.42%","7.00","1.40","0.72","Analyze"
"FOXA","Fox Corporation Class A","Common stocks","Large cap","Communication Services","$19,373,119,015","1.31%","9.58","1.40","0.99","Analyze"
"BRO","Brown & Brown Inc","Common stocks","Large cap","Financials","$19,246,433,890","0.60%","31.27","6.13","4.38","Analyze"
"GRMN","Garmin Ltd","Common stocks","Large cap","Consumer Discretionary","$19,206,442,695","2.06%","17.45","3.78","3.00","Analyze"
"MTCH","Match Group Inc","Common stocks","Large cap","Communication Services","$19,177,991,852","0.00%","64.81","6.16","-150.31","Analyze"
"BBY","Best Buy Inc","Common stocks","Large cap","Consumer Discretionary","$19,128,056,175","3.67%","10.41","0.00","5.93","Analyze"
"CAH","Cardinal Health Inc","Common stocks","Large cap","Health Care","$19,114,017,211","2.77%","-19.76","0.11","-27.07","Analyze"
"TDY","Teledyne Technologies Inc","Common stocks","Large cap","Information Technology","$18,991,896,576","0.00%","32.47","3.70","2.38","Analyze"
"XYL","Xylem Inc","Common stocks","Large cap","Industrials","$18,731,696,289","1.11%","42.50","3.59","5.61","Analyze"
"VFC","VF Corp","Common stocks","Large cap","Consumer Discretionary","$18,616,657,015","4.10%","12.68","1.60","4.84","Analyze"
"KEY","Keycorp","Common stocks","Large cap","Financials","$18,444,273,789","3.84%","7.67","2.64","1.18","Analyze"
"CLX","Clorox","Common stocks","Large cap","Consumer Staples","$18,442,435,257","3.08%","40.03","2.59","45.84","Analyze"
"ROL","Rollins Inc","Common stocks","Large cap","Industrials","$18,431,133,720","1.06%","54.44","7.43","16.25","Analyze"
"NDAQ","Nasdaq Inc","Common stocks","Large cap","Financials","$18,311,532,673","1.15%","15.67","3.17","3.05","Analyze"
"HOLX","Hologic Inc","Common stocks","Large cap","Health Care","$18,187,230,739","0.00%","11.51","3.37","3.73","Analyze"
"EXPD","Expeditors International Of Washington","Common stocks","Large cap","Industrials","$18,124,129,627","1.16%","12.28","1.01","4.71","Analyze"
"COO","Cooper Companies, Inc.","Common stocks","Large cap","Health Care","$17,990,184,162","0.02%","16.96","5.94","2.30","Analyze"
"ZBRA","Zebra Technologies Corp","Common stocks","Large cap","Information Technology","$17,862,868,550","0.00%","21.78","3.13","6.10","Analyze"
"SWKS","Skyworks Solutions Inc","Common stocks","Large cap","Information Technology","$17,852,781,133","1.50%","13.01","3.52","3.43","Analyze"
"EXPE","Expedia Inc","Common stocks","Large cap","Consumer Discretionary","$17,812,438,174","0.00%","80.37","1.86","8.32","Analyze"
"TRMB","Trimble Inc","Common stocks","Large cap","Information Technology","$17,809,044,928","0.00%","36.22","4.73","4.44","Analyze"
"PARA","Paramount Global - Class B","Common stocks","Large cap","Communication Services","$17,790,579,765","3.51%","3.89","0.62","0.70","Analyze"
"WRB","WR Berkley Corp","Common stocks","Large cap","Financials","$17,667,180,468","0.54%","12.96","1.73","2.61","Analyze"
"WAB","Westinghouse Air Brake Technologies","Common stocks","Large cap","Industrials","$17,596,275,179","0.59%","28.76","2.22","1.70","Analyze"
"FLT","Fleetcor Technologies Inc","Common stocks","Large cap","Information Technology","$17,389,593,174","0.00%","20.19","5.77","6.07","Analyze"
"SYF","Synchrony Financial","Common stocks","Large cap","Financials","$17,357,777,671","2.45%","4.04","1.11","1.20","Analyze"
"SEDG","SolarEdge Technologies Inc","Common stocks","Large cap","Information Technology","$17,240,400,202","0.00%","102.02","7.79","8.74","Analyze"
"J","Jacobs Engineering Group Inc.","Common stocks","Large cap","Industrials","$17,125,949,052","0.67%","46.32","1.19","2.85","Analyze"
"STX","Seagate Technology Plc","Common stocks","Large cap","Information Technology","$17,086,630,963","3.34%","12.75","1.47","40.48","Analyze"
"TYL","Tyler Technologies Inc","Common stocks","Large cap","Information Technology","$17,083,748,182","0.00%","100.45","9.74","6.92","Analyze"
"GNRC","Generac Holdings Inc","Common stocks","Large cap","Industrials","$17,075,408,874","0.00%","31.71","4.20","7.08","Analyze"
"FDS","Factset Research Systems Inc","Common stocks","Large cap","Financials","$17,003,105,927","0.75%","40.43","10.20","13.94","Analyze"
"CAG","Conagra Brands Inc","Common stocks","Large cap","Consumer Staples","$16,918,435,490","3.55%","16.36","1.49","1.94","Analyze"
"CINF","Cincinnati Financial Corp","Common stocks","Large cap","Financials","$16,768,478,384","2.49%","8.23","1.95","1.40","Analyze"
"AES","AES Corp","Common stocks","Large cap","Utilities","$16,738,416,317","2.47%","-117.03","1.47","5.61","Analyze"
"INCY","Incyte Corp","Common stocks","Large cap","Health Care","$16,673,400,400","0.00%","17.55","5.35","4.24","Analyze"
"DRI","Darden Restaurants Inc","Common stocks","Large cap","Consumer Discretionary","$16,652,187,152","3.31%","15.39","1.79","7.00","Analyze"
"KMX","Carmax Inc","Common stocks","Large cap","Consumer Discretionary","$16,588,279,686","0.00%","13.31","0.52","2.93","Analyze"
"AVY","Avery Dennison Corp","Common stocks","Large cap","Materials","$16,586,057,797","1.36%","21.97","1.91","8.29","Analyze"
"ATO","Atmos Energy Corp","Common stocks","Large cap","Utilities","$16,448,491,718","2.27%","22.76","4.33","1.84","Analyze"
"NTAP","NetApp Inc","Common stocks","Large cap","Information Technology","$16,429,560,678","2.65%","16.39","2.65","18.81","Analyze"
"IEX","IDEX Corp","Common stocks","Large cap","Industrials","$16,409,151,283","1.04%","34.12","5.73","5.61","Analyze"
"DGX","Quest Diagnostics Inc","Common stocks","Large cap","Health Care","$16,386,682,496","1.82%","8.43","1.53","2.48","Analyze"
"UDR","UDR, Inc","REITs","Large cap","Real Estate","$16,372,883,827","2.92%","101.48","12.16","4.68","Analyze"
"EVRG","Evergy Inc","Common stocks","Large cap","Utilities","$16,344,261,549","3.16%","20.20","3.14","1.77","Analyze"
"MRO","Marathon Oil Corp","Common stocks","Large cap","Energy","$16,312,274,300","1.25%","8.04","2.64","1.52","Analyze"
"IP","International Paper","Common stocks","Large cap","Materials","$16,283,517,778","4.05%","8.95","0.85","1.78","Analyze"
"HWM","Howmet Aerospace Inc.","Common stocks","Large cap","Industrials","$16,088,558,887","0.21%","50.88","3.16","4.52","Analyze"
"LNT","Alliant Energy Corp","Common stocks","Large cap","Utilities","$16,074,334,422","2.60%","23.68","4.19","2.65","Analyze"
"TER","Teradyne Inc","Common stocks","Large cap","Information Technology","$15,925,883,054","0.41%","16.19","4.33","6.39","Analyze"
"BIO","Bio Rad Laboratories Inc Class A","Common stocks","Large cap","Health Care","$15,781,561,320","0.00%","-124.28","5.45","1.23","Analyze"
"IRM","Iron Mountain Incorporated","REITs","Large cap","Real Estate","$15,731,001,667","4.48%","35.68","3.38","21.04","Analyze"
"CPT","Camden Property Trust","REITs","Large cap","Real Estate","$15,628,734,030","2.39%","42.91","13.16","3.60","Analyze"
"AKAM","Akamai Technologies Inc","Common stocks","Large cap","Information Technology","$15,590,516,585","0.00%","25.02","4.43","3.58","Analyze"
"POOL","Pool Corp","Common stocks","Large cap","Consumer Discretionary","$15,546,052,682","0.91%","21.19","2.75","13.20","Analyze"
"LKQ","LKQ Corp","Common stocks","Large cap","Consumer Discretionary","$15,450,899,661","1.76%","14.06","1.16","2.67","Analyze"
"WDC","Western Digital Corp","Common stocks","Large cap","Information Technology","$15,420,383,358","0.00%","8.38","0.80","1.27","Analyze"
"JKHY","Jack Henry & Associates, Inc.","Common stocks","Large cap","Information Technology","$15,362,682,235","0.90%","41.26","8.04","11.16","Analyze"
"SWK","Stanley Black & Decker Inc","Common stocks","Large cap","Industrials","$15,310,761,082","3.02%","10.81","0.96","1.56","Analyze"
"ETSY","Etsy Inc","Common stocks","Large cap","Consumer Discretionary","$15,301,951,291","0.00%","33.25","6.49","21.41","Analyze"
"PEAK","Healthpeak Properties, Inc.","REITs","Large cap","Real Estate","$15,243,175,624","4.18%","35.03","7.86","2.34","Analyze"
"CPB","Campbell Soup","Common stocks","Large cap","Consumer Staples","$15,236,177,975","2.88%","16.75","1.84","4.60","Analyze"
"OMC","Omnicom Group Inc","Common stocks","Large cap","Communication Services","$15,092,814,704","3.75%","11.96","1.06","4.95","Analyze"
"SJM","J.M. Smucker","Common stocks","Large cap","Consumer Staples","$14,916,282,927","2.87%","26.29","1.89","1.83","Analyze"
"DPZ","Dominos Pizza Inc","Common stocks","Large cap","Consumer Discretionary","$14,746,266,198","0.99%","30.06","3.36","-3.46","Analyze"
"KIM","Kimco Realty Corporation","REITs","Large cap","Real Estate","$14,676,577,575","3.04%","15.33","9.72","1.40","Analyze"
"NVR","NVR, Inc.","Common stocks","Large cap","Consumer Discretionary","$14,591,445,925","0.00%","9.92","1.57","5.15","Analyze"
"CHRW","C.H. Robinson Worldwide, Inc.","Common stocks","Large cap","Industrials","$14,562,481,797","1.82%","15.63","0.58","7.02","Analyze"
"PTC","PTC Inc","Common stocks","Large cap","Information Technology","$14,558,783,013","0.00%","29.88","7.75","6.88","Analyze"
"TECH","Bio-Techne Corp","Common stocks","Large cap","Health Care","$14,518,753,081","0.35%","62.87","13.49","8.27","Analyze"
"TXT","Textron Inc","Common stocks","Large cap","Industrials","$14,487,798,394","0.12%","18.73","1.16","2.05","Analyze"
"BEN","Franklin Resources Inc","Common stocks","Large cap","Financials","$14,347,701,226","3.93%","7.32","1.66","1.20","Analyze"
"FMC","FMC Corp","Common stocks","Large cap","Materials","$14,329,126,441","1.81%","18.44","2.76","4.59","Analyze"
"MGM","MGM Resorts International","Common stocks","Large cap","Consumer Discretionary","$14,218,504,657","0.03%","8.92","1.31","2.70","Analyze"
"L","Loews Corp","Common stocks","Large cap","Financials","$14,167,703,768","0.42%","8.48","1.05","0.85","Analyze"
"NDSN","Nordson Corp","Common stocks","Large cap","Industrials","$14,135,247,746","0.83%","28.50","5.78","6.39","Analyze"
"BXP","Boston Properties, Inc","REITs","Large cap","Real Estate","$14,079,476,304","4.30%","24.72","4.81","2.32","Analyze"
"HST","Host Hotels & Resorts, Inc","REITs","Large cap","Real Estate","$13,954,703,962","0.46%","44.09","0.00","2.14","Analyze"
"NLOK","NortonLifeLock Inc.","Common stocks","Large cap","Information Technology","$13,832,772,918","2.05%","21.42","4.95","-146.04","Analyze"
"LDOS","Leidos Holdings Inc","Common stocks","Large cap","Industrials","$13,820,643,277","1.41%","37.45","0.00","3.54","Analyze"
"PKG","Packaging Corp Of America","Common stocks","Large cap","Materials","$13,663,532,051","2.88%","14.56","1.70","3.55","Analyze"
"VTRS","Viatris Inc.","Common stocks","Large cap","Health Care","$13,386,893,578","4.11%","76.57","0.76","0.63","Analyze"
"ABMD","Abiomed Inc","Common stocks","Large cap","Health Care","$13,282,579,694","0.00%","56.29","12.87","8.44","Analyze"
"UAL","United Continental Holdings Inc","Common stocks","Large cap","Industrials","$13,164,543,882","0.00%","-6.43","0.45","3.52","Analyze"
"CTXS","Citrix Systems Inc","Common stocks","Large cap","Information Technology","$13,097,078,061","0.72%","47.15","4.01","19.70","Analyze"
"NI","Nisource Inc","Common stocks","Large cap","Utilities","$12,819,995,708","2.89%","19.37","2.45","1.78","Analyze"
"CE","Celanese Corporation","Common stocks","Large cap","Materials","$12,766,721,783","2.29%","6.00","1.38","2.70","Analyze"
"CBOE","Cboe Global Markets, Inc.","Common stocks","Large cap","Financials","$12,718,984,540","1.59%","26.30","3.68","3.69","Analyze"
"AAP","Advance Auto Parts Inc","Common stocks","Large cap","Consumer Discretionary","$12,710,107,320","2.36%","20.38","1.16","4.01","Analyze"
"MAS","Masco Corp","Common stocks","Large cap","Industrials","$12,638,121,915","1.90%","22.75","1.47","-33.66","Analyze"
"SBNY","Signature Bank","Common stocks","Large cap","Financials","$12,558,221,419","1.08%","11.88","5.79","1.50","Analyze"
"EMN","Eastman Chemical","Common stocks","Large cap","Materials","$12,515,414,745","2.88%","14.80","1.16","2.06","Analyze"
"SNA","Snap On Inc","Common stocks","Large cap","Industrials","$12,430,061,898","2.34%","14.50","2.66","2.85","Analyze"
"CCL","Carnival Corp","Common stocks","Large cap","Consumer Discretionary","$12,353,648,279","0.00%","-1.04","3.52","0.95","Analyze"
"IPG","Interpublic Group Of Companies Inc","Common stocks","Large cap","Communication Services","$12,004,567,152","3.60%","11.56","1.14","3.38","Analyze"
"LW","Lamb Weston Holdings Inc","Common stocks","Large cap","Consumer Staples","$11,878,650,079","1.17%","50.24","3.00","30.02","Analyze"
"TFX","Teleflex Inc","Common stocks","Large cap","Health Care","$11,872,197,699","0.54%","23.29","4.21","2.99","Analyze"
"LUMN","CenturyLink, Inc.","Common stocks","Large cap","Communication Services","$11,657,921,813","8.64%","5.31","0.60","0.93","Analyze"
"CRL","Charles River Laboratories International","Common stocks","Large cap","Health Care","$11,602,937,593","0.00%","26.20","3.20","4.24","Analyze"
"REG","Regency Centers Corporation","REITs","Large cap","Real Estate","$11,475,884,131","3.66%","14.40","9.60","1.85","Analyze"
"TAP","Molson Coors Brewing Class B","Common stocks","Large cap","Consumer Staples","$11,467,812,068","2.52%","10.47","0.87","0.83","Analyze"
"HAS","Hasbro Inc","Common stocks","Large cap","Consumer Discretionary","$11,381,482,144","3.31%","30.52","1.76","3.74","Analyze"
"CMA","Comerica Inc","Common stocks","Large cap","Financials","$11,317,218,303","3.10%","11.36","4.10","1.58","Analyze"
"RCL","Royal Caribbean Cruises Ltd","Common stocks","Large cap","Consumer Discretionary","$11,243,009,404","0.00%","-1.91","4.41","2.54","Analyze"
"CZR","Caesars Entertainment Corp","Common stocks","Large cap","Consumer Discretionary","$11,160,400,582","0.00%","-17.69","1.11","2.78","Analyze"
"QRVO","Qorvo, Inc.","Common stocks","Large cap","Information Technology","$11,136,745,798","0.00%","10.69","2.40","2.43","Analyze"
"WRK","Westrock","Common stocks","Large cap","Materials","$10,948,440,545","2.31%","13.32","0.54","0.92","Analyze"
"RE","Everest Re Group Ltd","Common stocks","Large cap","Financials","$10,928,519,449","2.25%","8.31","0.95","1.16","Analyze"
"NWS","News Corp Class B","Common stocks","Large cap","Communication Services","$10,869,336,498","1.06%","7.29","1.07","0.43","Analyze"
"NWSA","News Corp Class A","Common stocks","Large cap","Communication Services","$10,869,336,498","1.07%","14.13","1.07","0.84","Analyze"
"APA","Apache Corp","Common stocks","Large cap","Energy","$10,847,334,971","1.31%","4.79","1.24","12.79","Analyze"
"CDAY","Ceridian HCM Holding Inc.","Common stocks","Large cap","Information Technology","$10,668,085,446","0.00%","-118.71","9.85","4.64","Analyze"
"MKTX","Marketaxess Holdings Inc","Common stocks","Large cap","Financials","$10,445,855,020","0.99%","42.35","15.15","10.02","Analyze"
"HSIC","Henry Schein Inc","Common stocks","Large cap","Health Care","$10,405,972,179","0.00%","16.02","0.82","2.88","Analyze"
"AOS","A O Smith Corp","Common stocks","Large cap","Industrials","$10,386,850,460","1.73%","15.80","2.77","4.45","Analyze"
"PHM","Pultegroup Inc","Common stocks","Large cap","Consumer Discretionary","$10,313,249,265","1.32%","4.69","0.72","1.32","Analyze"
"FFIV","F5 Networks Inc","Common stocks","Large cap","Information Technology","$10,301,281,279","0.00%","29.55","3.88","4.32","Analyze"
"DISH","Dish Network Corp Class A","Common stocks","Large cap","Communication Services","$10,241,083,554","0.00%","2.43","0.58","0.34","Analyze"
"GL","Globe Life Inc.","Common stocks","Large cap","Financials","$10,086,730,828","0.78%","13.86","1.95","1.47","Analyze"
"AAL","American Airlines Group Inc","Common stocks","Large cap","Materials","$10,072,611,869","0.00%","-4.06","0.29","-1.08","Analyze"
"NRG","NRG Energy Inc","Common stocks","Large cap","Utilities","$10,017,268,249","3.18%","2.52","0.37","2.01","Analyze"
"NLSN","Nielsen Holdings Plc","Common stocks","Mid cap","Industrials","$9,924,231,125","0.87%","20.10","2.82","2.92","Analyze"
"WHR","Whirlpool Corp","Common stocks","Mid cap","Consumer Discretionary","$9,569,434,311","3.54%","5.51","0.44","2.00","Analyze"
"ALLE","Allegion PLC","Common stocks","Mid cap","Industrials","$9,526,914,252","1.41%","19.98","3.29","12.61","Analyze"
"BWA","BorgWarner Inc","Common stocks","Mid cap","Consumer Discretionary","$9,414,040,717","1.71%","13.72","0.64","1.31","Analyze"
"JNPR","Juniper Networks Inc","Common stocks","Mid cap","Information Technology","$9,387,935,402","2.81%","28.25","1.94","2.25","Analyze"
"BBWI","Bath & Body Works, Inc.","Common stocks","Mid cap","Consumer Discretionary","$9,382,732,671","1.70%","7.30","0.99","-5.83","Analyze"
"TPR","Tapestry","Common stocks","Mid cap","Consumer Discretionary","$9,351,940,133","2.67%","10.69","1.40","3.66","Analyze"
"HII","Huntington Ingalls Industries Inc","Common stocks","Mid cap","Industrials","$9,329,396,367","1.99%","17.55","0.95","3.33","Analyze"
"UHS","Universal Health Services Inc.","Common stocks","Mid cap","Health Care","$9,215,144,448","0.74%","7.59","0.71","1.21","Analyze"
"FRT","Federal Realty Investment Trust","REITs","Mid cap","Real Estate","$9,144,242,956","1.89%","34.23","9.24","3.38","Analyze"
"FBHS","Fortune Brands Home And Security","Common stocks","Mid cap","Industrials","$9,058,654,729","1.53%","9.94","1.16","3.00","Analyze"
"AIZ","Assurant Inc","Common stocks","Mid cap","Financials","$9,057,823,054","1.58%","6.75","0.88","1.82","Analyze"
"RHI","Robert Half","Common stocks","Mid cap","Industrials","$8,977,991,350","1.97%","13.59","1.31","6.14","Analyze"
"ZION","Zions Bancorporation","Common stocks","Mid cap","Financials","$8,876,306,411","1.93%","9.02","3.21","1.41","Analyze"
"NWL","Newell Brands Inc","Common stocks","Mid cap","Consumer Discretionary","$8,859,312,000","4.23%","12.20","0.83","2.20","Analyze"
"PNW","Pinnacle West Corp","Common stocks","Mid cap","Utilities","$8,845,663,422","4.27%","14.69","2.27","1.49","Analyze"
"LNC","Lincoln National Corp","Common stocks","Mid cap","Financials","$8,703,659,112","3.42%","6.56","0.45","0.57","Analyze"
"IVZ","Invesco Ltd","Common stocks","Mid cap","Financials","$8,616,566,100","3.72%","6.22","1.26","0.54","Analyze"
"SEE","Sealed Air Corp","Common stocks","Mid cap","Materials","$8,610,516,301","1.34%","15.28","1.51","43.81","Analyze"
"DVA","Davita Inc","Common stocks","Mid cap","Health Care","$8,483,596,000","0.00%","9.42","0.73","10.09","Analyze"
"PNR","Pentair","Common stocks","Mid cap","Industrials","$8,379,232,516","1.62%","14.98","2.15","3.24","Analyze"
"MHK","Mohawk Industries Inc","Common stocks","Mid cap","Consumer Discretionary","$8,040,831,653","0.00%","7.21","0.70","0.91","Analyze"
"OGN","Organon & Co.","Common stocks","Mid cap","Health Care","$7,930,004,817","4.42%","6.00","1.25","-6.24","Analyze"
"XRAY","Dentsply Sirona Inc","Common stocks","Mid cap","Health Care","$7,924,308,230","1.27%","21.23","1.89","1.60","Analyze"
"WYNN","Wynn Resorts Ltd","Common stocks","Mid cap","Consumer Discretionary","$7,715,417,353","0.00%","-11.32","1.93","-22.11","Analyze"
"RL","Ralph Lauren Corp Class A","Common stocks","Mid cap","Consumer Discretionary","$7,372,916,027","2.76%","8.76","1.23","1.61","Analyze"
"DXC","DXC Technology Company","Common stocks","Mid cap","Information Technology","$6,133,113,824","0.00%","-9.77","0.37","1.25","Analyze"
"ALK","Alaska Air Group Inc","Common stocks","Mid cap","Industrials","$6,082,669,590","0.00%","12.30","0.86","1.58","Analyze"
"PENN","Penn National Gaming Inc","Common stocks","Mid cap","Consumer Discretionary","$5,900,111,927","0.00%","14.85","0.95","1.43","Analyze"
"VNO","Vornado Realty Trust","REITs","Mid cap","Real Estate","$5,826,126,292","6.81%","37.12","3.53","0.90","Analyze"
"PVH","PVH Corp","Common stocks","Mid cap","Consumer Discretionary","$4,752,859,058","0.16%","6.72","0.00","0.85","Analyze"
"NCLH","Norwegian Cruise Line Holdings Ltd","Common stocks","Mid cap","Consumer Discretionary","$3,128,944,000","0.00%","-1.35","2.68","3.68","Analyze"
